City_ID,City,Country,Date,Lat,Lng,Max Temp,Humidity,Cloudiness,Wind Speed
0,Castro,BR,2022-01-29 04:52:35,-24.7911,-50.0119,59.05,99,100,8.52
1,Harindanga,IN,2022-01-29 04:50:46,22.0383,88.3214,64.38,33,4,11.3
2,Atuona,PF,2022-01-29 04:52:35,-9.8,-139.0333,77.61,78,12,13.2
3,Tuatapere,NZ,2022-01-29 04:51:31,-46.1333,167.6833,67.82,55,100,2.21
4,Sakakah,SA,2022-01-29 04:52:36,29.9697,40.2064,42.37,56,19,4.14
5,Rikitea,PF,2022-01-29 04:52:36,-23.1203,-134.9692,77.88,74,93,14.0
6,Bukene,TZ,2022-01-29 04:52:37,-4.2333,32.8833,66.11,90,100,3.36
7,Yumen,CN,2022-01-29 04:52:37,40.2833,97.2,28.24,29,3,14.47
8,Dunda,TZ,2022-01-29 04:52:38,-8.1167,34.25,64.27,98,100,1.39
9,Klaksvik,FO,2022-01-29 04:52:38,62.2266,-6.589,40.12,98,100,25.37
10,Ponta Do Sol,PT,2022-01-29 04:49:47,32.6667,-17.1,61.72,61,65,5.39
11,Georgetown,MY,2022-01-29 04:50:47,5.4112,100.3354,89.55,66,20,3.0
12,Tucurui,BR,2022-01-29 04:52:39,-3.7661,-49.6725,71.65,98,100,5.35
13,Kodiak,US,2022-01-29 04:50:10,57.79,-152.4072,26.11,74,100,19.57
14,Faanui,PF,2022-01-29 04:50:42,-16.4833,-151.75,81.03,74,12,13.71
15,Ligayan,PH,2022-01-29 04:52:40,4.6533,119.4706,82.56,69,65,4.12
16,Noyabrsk,RU,2022-01-29 04:52:40,63.1994,75.4507,-11.63,99,91,8.01
17,Punta Arenas,CL,2022-01-29 04:50:45,-53.15,-70.9167,55.51,58,0,3.44
18,Dingle,PH,2022-01-29 04:52:41,10.9995,122.6711,87.13,64,77,4.97
19,Vad,RU,2022-01-29 04:52:41,55.5301,44.2114,14.79,94,100,10.11
20,Chuy,UY,2022-01-29 04:50:29,-33.6971,-53.4616,63.5,79,0,3.96
21,Sao Filipe,CV,2022-01-29 04:52:42,14.8961,-24.4956,70.41,70,88,10.65
22,Kaitangata,NZ,2022-01-29 04:52:42,-46.2817,169.8464,63.93,71,99,8.28
23,Mataura,NZ,2022-01-29 04:51:18,-46.1927,168.8643,67.48,34,70,6.4
24,Adrar,MR,2022-01-29 04:52:43,20.5022,-10.0711,70.92,12,100,3.51
25,Lethem,GY,2022-01-29 04:52:44,3.3803,-59.7968,78.08,66,75,12.44
26,Ushuaia,AR,2022-01-29 04:51:07,-54.8,-68.3,53.26,76,40,5.75
27,Mahebourg,MU,2022-01-29 04:51:17,-20.4081,57.7,84.25,89,40,1.14
28,Busselton,AU,2022-01-29 04:52:43,-33.65,115.3333,97.05,43,95,8.46
29,Hilo,US,2022-01-29 04:52:45,19.7297,-155.09,74.93,75,100,5.75
30,Jamestown,US,2022-01-29 04:52:45,42.097,-79.2353,13.32,85,100,10.36
31,North Platte,US,2022-01-29 04:49:38,41.1239,-100.7654,33.08,57,0,1.99
32,La Paz,BO,2022-01-29 04:49:05,-16.5,-68.15,48.18,93,75,6.91
33,Tambacounda,SN,2022-01-29 04:52:46,13.7539,-13.7586,73.38,25,90,6.2
34,Severo-Kurilsk,RU,2022-01-29 04:52:47,50.6789,156.125,23.02,73,100,23.76
35,East London,ZA,2022-01-29 04:51:32,-33.0153,27.9116,63.54,94,0,5.75
36,Laguna,US,2022-01-29 04:52:47,38.421,-121.4238,52.84,80,0,0.0
37,Texarkana,US,2022-01-29 04:51:44,33.4251,-94.0477,39.42,54,0,3.44
38,Hobart,AU,2022-01-29 04:52:48,-42.8794,147.3294,72.27,71,75,1.99
39,Ruidoso,US,2022-01-29 04:52:48,33.3317,-105.673,32.14,43,0,0.0
40,Ola,RU,2022-01-29 04:52:49,59.5833,151.2833,12.36,78,87,13.76
41,Salinopolis,BR,2022-01-29 04:52:49,-0.6136,-47.3561,76.5,89,100,14.47
42,Hermanus,ZA,2022-01-29 04:51:19,-34.4187,19.2345,62.91,78,33,11.54
43,Fortuna,US,2022-01-29 04:52:50,40.5982,-124.1573,46.09,86,0,6.91
44,Nova Olimpia,BR,2022-01-29 04:52:50,-14.7972,-57.2881,72.72,97,100,2.89
45,Kapaa,US,2022-01-29 04:53:51,22.0752,-159.319,75.18,74,22,7.02
46,Bengkulu,ID,2022-01-29 04:51:23,-3.8004,102.2655,83.21,68,100,4.36
47,Hamilton,US,2022-01-29 04:51:21,39.1834,-84.5333,15.64,83,0,1.99
48,Waipawa,NZ,2022-01-29 04:52:18,-41.4122,175.5153,69.3,41,3,2.37
49,Charyshskoye,RU,2022-01-29 04:53:52,51.3978,83.5598,16.27,69,70,1.88
50,Nishihara,JP,2022-01-29 04:52:42,26.1842,127.7558,65.48,94,100,10.36
51,Caravelas,BR,2022-01-29 04:53:53,-17.7125,-39.2481,75.18,95,51,5.21
52,Butaritari,KI,2022-01-29 04:50:49,3.0707,172.7902,81.66,80,64,17.58
53,Vaini,TO,2022-01-29 04:51:30,-21.2,-175.2,82.53,79,100,16.08
54,Souillac,MU,2022-01-29 04:51:05,-20.5167,57.5167,84.36,89,40,1.14
55,Lompoc,US,2022-01-29 04:51:07,34.6391,-120.4579,58.78,55,0,4.61
56,Upernavik,GL,2022-01-29 04:53:54,72.7868,-56.1549,10.51,71,100,3.91
57,George,ZA,2022-01-29 04:53:54,-33.963,22.4617,54.95,94,20,3.44
58,Coquimbo,CL,2022-01-29 04:53:55,-29.9533,-71.3436,60.53,88,0,2.3
59,Nikolskoye,RU,2022-01-29 04:53:55,59.7035,30.7861,24.69,98,95,4.72
60,Elko,US,2022-01-29 04:53:56,41.0002,-115.5012,24.22,55,0,5.01
61,Bluff,NZ,2022-01-29 04:53:56,-46.6,168.3333,67.8,70,93,6.17
62,Shihezi,CN,2022-01-29 04:53:56,44.3,86.0333,8.38,87,61,3.15
63,Oriximina,BR,2022-01-29 04:53:57,-1.7656,-55.8661,74.28,95,99,2.8
64,Tuktoyaktuk,CA,2022-01-29 04:53:57,69.4541,-133.0374,-14.8,76,100,17.27
65,Cidreira,BR,2022-01-29 04:53:58,-30.1811,-50.2056,69.28,75,29,12.24
66,Olafsvik,IS,2022-01-29 04:51:30,64.8945,-23.7142,26.87,59,21,15.46
67,Lanigan,CA,2022-01-29 04:53:58,51.8501,-105.0344,22.89,82,89,10.89
68,Faya,SA,2022-01-29 04:53:59,18.3851,42.4509,50.52,86,35,7.05
69,Lavrentiya,RU,2022-01-29 04:51:07,65.5833,-171.0,-7.49,92,34,4.63
70,Port Elizabeth,ZA,2022-01-29 04:54:00,-33.918,25.5701,66.09,94,40,6.91
71,Guantanamo,CU,2022-01-29 04:54:00,20.1444,-75.2092,77.47,91,16,1.45
72,Dokka,NO,2022-01-29 04:54:00,60.84,10.0618,20.52,96,96,2.75
73,Usinsk,RU,2022-01-29 04:54:01,65.9939,57.5281,1.58,95,98,14.0
74,Victoria,HK,2022-01-29 04:51:28,22.2855,114.1577,70.97,81,95,1.01
75,Ozinki,RU,2022-01-29 04:54:02,51.1786,49.6769,1.54,100,88,2.19
76,Los Llanos De Aridane,ES,2022-01-29 04:54:02,28.6585,-17.9182,55.15,63,0,9.22
77,Albany,US,2022-01-29 04:54:03,42.6001,-73.9662,20.75,69,100,1.99
78,Avarua,CK,2022-01-29 04:54:03,-21.2078,-159.775,80.65,78,20,10.36
79,Saskylakh,RU,2022-01-29 04:54:04,71.9167,114.0833,-7.38,95,99,5.61
80,Mar Del Plata,AR,2022-01-29 04:50:33,-38.0023,-57.5575,63.09,78,0,1.01
81,Khatanga,RU,2022-01-29 04:51:27,71.9667,102.5,-7.2,97,100,6.58
82,Illela,NG,2022-01-29 04:54:04,13.7292,5.2975,63.54,12,1,15.75
83,Pailon,BO,2022-01-29 04:54:05,-17.65,-62.75,76.1,70,88,3.0
84,Atar,MR,2022-01-29 04:51:23,20.5169,-13.0499,69.49,26,100,5.32
85,Kushmurun,KZ,2022-01-29 04:54:06,52.4503,64.6311,7.74,85,100,6.26
86,Maneadero,MX,2022-01-29 04:54:06,31.7167,-116.5667,58.19,41,24,4.0
87,Cheltenham,GB,2022-01-29 04:54:07,51.9,-2.0833,52.68,84,96,7.0
88,Guerrero Negro,MX,2022-01-29 04:49:36,27.9769,-114.0611,64.24,42,6,2.42
89,Byron Bay,AU,2022-01-29 04:51:00,-28.65,153.6167,84.31,80,50,10.09
90,Borovskoy,KZ,2022-01-29 04:55:08,53.8,64.15,6.55,87,100,6.38
91,Puerto Ayora,EC,2022-01-29 04:55:08,-0.7393,-90.3518,73.54,95,73,6.67
92,Mayo,US,2022-01-29 04:52:39,38.8876,-76.5119,32.9,93,100,4.0
93,Sterling,US,2022-01-29 04:50:53,39.0062,-77.4286,32.34,93,100,1.01
94,Pisco,PE,2022-01-29 04:55:09,-13.7,-76.2167,68.05,73,0,3.44
95,Meulaboh,ID,2022-01-29 04:55:09,4.1363,96.1285,85.77,69,73,5.3
96,Bodden Town,KY,2022-01-29 04:55:10,19.2833,-81.25,78.01,74,0,9.04
97,Barrow,US,2022-01-29 04:55:02,71.2906,-156.7887,-17.54,98,95,11.99
98,Cape Town,ZA,2022-01-29 04:51:25,-33.9258,18.4232,63.12,76,0,3.0
99,Hualmay,PE,2022-01-29 04:51:19,-11.0964,-77.6139,69.24,85,100,7.67
100,Pecanha,BR,2022-01-29 04:55:11,-18.5486,-42.5569,64.11,96,69,1.61
101,Kralendijk,BQ,2022-01-29 04:55:12,12.15,-68.2667,78.03,75,98,12.46
102,Waingapu,ID,2022-01-29 04:55:12,-9.6567,120.2641,86.9,65,99,15.23
103,Nagybajom,HU,2022-01-29 04:55:12,46.3923,17.5115,35.35,73,82,14.07
104,Provideniya,RU,2022-01-29 04:50:32,64.3833,-173.3,-1.12,97,15,3.0
105,Bandarbeyla,SO,2022-01-29 04:55:13,9.4942,50.8122,75.13,67,87,18.03
106,Ribeira Grande,PT,2022-01-29 04:51:57,38.5167,-28.7,58.35,62,36,9.22
107,Tasiilaq,GL,2022-01-29 04:50:40,65.6145,-37.6368,7.47,69,72,5.3
108,Gobabis,NA,2022-01-29 04:55:13,-22.45,18.9667,69.85,69,7,9.4
109,Port Alfred,ZA,2022-01-29 04:55:14,-33.5906,26.891,67.35,79,92,5.12
110,Solnechnyy,RU,2022-01-29 04:55:14,50.7214,136.6319,0.27,85,97,2.86
111,San Patricio,US,2022-01-29 04:55:15,28.017,-97.5169,51.66,50,0,5.44
112,Qaanaaq,GL,2022-01-29 04:51:32,77.484,-69.3632,-13.65,63,62,8.14
113,Papara,BR,2022-01-29 04:55:15,-3.9839,-38.7273,74.71,96,100,1.43
114,Krasnoselkup,RU,2022-01-29 04:55:16,65.7,82.4667,4.23,96,100,9.66
115,Mhlume,SZ,2022-01-29 04:55:16,-26.0333,31.85,70.86,95,100,5.1
116,Poum,NC,2022-01-29 04:55:17,-20.2333,164.0167,82.4,75,85,10.96
117,Bystrice,CZ,2022-01-29 04:55:17,49.6366,18.7204,27.57,93,95,4.03
118,Esperance,AU,2022-01-29 04:55:18,-33.8667,121.9,89.44,46,0,16.31
119,Barra Patuca,HN,2022-01-29 04:55:18,15.8,-84.2833,76.48,75,87,8.68
120,Chokurdakh,RU,2022-01-29 04:55:19,70.6333,147.9167,-19.08,87,94,3.11
121,Airai,TL,2022-01-29 04:52:48,-8.9266,125.4092,73.38,59,100,6.08
122,Pevek,RU,2022-01-29 04:51:32,69.7008,170.3133,-11.16,99,100,1.01
123,Luderitz,NA,2022-01-29 04:51:26,-26.6481,15.1594,66.15,75,0,19.73
124,Derzhavinsk,KZ,2022-01-29 04:55:20,51.1,66.3167,6.93,82,30,10.38
125,Husavik,IS,2022-01-29 04:54:40,66.0449,-17.3389,26.51,92,100,26.24
126,Antofagasta,CL,2022-01-29 04:53:12,-23.65,-70.4,65.48,80,56,3.18
127,Great Falls,US,2022-01-29 04:55:21,47.5002,-111.3008,44.42,22,75,21.85
128,Hegang,CN,2022-01-29 04:55:21,47.4,130.3667,6.82,60,77,11.95
129,Xuddur,SO,2022-01-29 04:55:22,4.1213,43.8894,71.1,66,63,22.01
130,Sidi Ali,DZ,2022-01-29 04:52:38,36.0998,0.4206,48.31,58,0,6.06
131,Angoche,MZ,2022-01-29 04:55:20,-16.2325,39.9086,77.2,84,2,4.18
132,Cayenne,GF,2022-01-29 04:55:23,4.9333,-52.3333,74.08,91,75,9.22
133,Along,IN,2022-01-29 04:55:23,28.1667,94.7667,65.28,34,0,1.28
134,New Norfolk,AU,2022-01-29 04:55:23,-42.7826,147.0587,71.91,52,98,4.0
135,Puerto Vallarta,MX,2022-01-29 04:56:24,20.6204,-105.2307,69.91,90,11,2.17
136,Geraldton,AU,2022-01-29 04:56:24,-28.7667,114.6,99.01,28,0,17.27
137,Saint-Joseph,RE,2022-01-29 04:51:48,-21.3667,55.6167,82.76,72,0,7.4
138,Pangnirtung,CA,2022-01-29 04:56:25,66.1451,-65.7125,-12.48,99,100,3.06
139,Krasnokamensk,RU,2022-01-29 04:56:25,50.0979,118.0369,5.88,71,2,2.55
140,Jardim,BR,2022-01-29 04:56:26,-21.4803,-56.1381,71.94,96,70,2.46
141,Shumyachi,RU,2022-01-29 04:56:26,53.8583,32.4242,28.65,96,100,12.26
142,Wakkanai,JP,2022-01-29 04:56:27,45.4094,141.6739,19.38,73,75,18.41
143,Cherskiy,RU,2022-01-29 04:56:27,68.75,161.3,-12.05,95,100,0.6
144,Nouadhibou,MR,2022-01-29 04:56:28,20.931,-17.0347,58.98,88,97,14.97
145,Tocopilla,CL,2022-01-29 04:56:28,-22.092,-70.1979,66.58,76,24,0.67
146,Port Hedland,AU,2022-01-29 04:56:29,-20.3167,118.5667,95.05,52,88,16.11
147,Andros Town,BS,2022-01-29 04:56:29,24.7,-77.7667,71.56,72,97,16.28
148,Clyde River,CA,2022-01-29 04:51:29,70.4692,-68.5914,-9.17,84,100,29.93
149,Mantua,IT,2022-01-29 04:56:30,45.1667,10.7833,38.71,80,98,1.14
150,Yellowknife,CA,2022-01-29 04:56:30,62.456,-114.3525,-8.59,90,40,8.05
151,Longyearbyen,SJ,2022-01-29 04:56:30,78.2186,15.6401,10.24,67,0,16.11
152,Lebanon,US,2022-01-29 04:52:53,36.2081,-86.2911,26.65,77,100,17.27
153,Katsuura,JP,2022-01-29 04:56:31,35.1333,140.3,48.22,94,100,12.3
154,Yulara,AU,2022-01-29 04:56:31,-25.2406,130.9889,96.64,30,40,18.41
155,Golfito,CR,2022-01-29 04:56:32,8.639,-83.166,72.72,94,48,2.46
156,Arraial Do Cabo,BR,2022-01-29 04:56:32,-22.9661,-42.0278,75.52,93,98,8.1
157,Buraydah,SA,2022-01-29 04:54:04,26.326,43.975,50.45,37,83,9.17
158,Catemaco,MX,2022-01-29 04:56:33,18.4167,-95.1167,63.36,92,98,18.66
159,Xifeng,CN,2022-01-29 04:56:33,42.7372,124.7222,17.53,37,0,10.31
160,Malatya,TR,2022-01-29 04:56:34,38.5,38.0,14.05,86,75,3.44
161,Adeje,ES,2022-01-29 04:56:34,28.1227,-16.726,62.56,52,20,1.99
162,Kalmar,SE,2022-01-29 04:56:35,56.6616,16.3616,35.96,88,100,10.36
163,Namibe,AO,2022-01-29 04:56:35,-15.1961,12.1522,70.92,83,100,6.46
164,Bayir,TR,2022-01-29 04:56:36,37.2687,28.2167,23.52,62,52,2.89
165,Fereydunshahr,IR,2022-01-29 04:56:36,32.941,50.121,9.01,49,16,5.06
166,Cervo,ES,2022-01-29 04:56:36,43.6702,-7.4101,45.46,86,57,12.59
167,Boyolangu,ID,2022-01-29 04:56:37,-8.1181,111.8935,85.57,67,87,2.21
168,Tateyama,JP,2022-01-29 04:52:30,34.9833,139.8667,52.07,88,100,9.62
169,Fare,PF,2022-01-29 04:56:38,-16.7,-151.0167,81.37,75,0,17.0
170,Barao De Melgaco,BR,2022-01-29 04:56:38,-16.1944,-55.9675,77.52,99,100,5.32
171,Vryheid,ZA,2022-01-29 04:54:11,-27.7695,30.7917,61.27,95,79,3.47
172,Tura,IN,2022-01-29 04:55:12,25.5198,90.2201,68.11,33,0,3.11
173,Labrea,BR,2022-01-29 04:56:39,-7.2586,-64.7981,72.86,99,100,1.92
174,Buala,SB,2022-01-29 04:56:39,-8.145,159.5921,82.81,78,100,4.5
175,Partapur,IN,2022-01-29 04:56:40,23.6,74.1667,68.54,26,0,6.26
176,Sioux Lookout,CA,2022-01-29 04:53:12,50.1001,-91.917,-1.82,84,40,4.61
177,Marystown,CA,2022-01-29 04:56:41,47.1666,-55.1483,32.86,100,99,9.22
178,Hasaki,JP,2022-01-29 04:56:41,35.7333,140.8333,48.29,60,100,6.71
179,Ahipara,NZ,2022-01-29 04:56:41,-35.1667,173.1667,73.47,55,100,5.75
180,Gimli,CA,2022-01-29 04:56:42,50.6336,-96.9907,7.43,78,100,10.36
181,Havelock,US,2022-01-29 04:57:42,34.8791,-76.9013,39.15,86,100,3.0
182,Inhambane,MZ,2022-01-29 04:57:43,-23.865,35.3833,78.26,75,66,3.42
183,Vardo,NO,2022-01-29 04:57:43,70.3705,31.1107,32.14,59,100,21.25
184,Vostok,RU,2022-01-29 04:52:47,46.4856,135.8833,-3.21,88,100,11.32
185,Egvekinot,RU,2022-01-29 04:57:44,66.3167,-179.1667,-4.79,74,62,4.0
186,Rawson,AR,2022-01-29 04:57:44,-43.3002,-65.1023,66.97,82,73,11.72
187,Necochea,AR,2022-01-29 04:57:45,-38.5473,-58.7368,65.03,70,0,10.67
188,Rantauprapat,ID,2022-01-29 04:57:45,2.1,99.8333,90.84,52,61,2.71
189,Baykit,RU,2022-01-29 04:57:46,61.67,96.37,-1.5,97,100,2.95
190,Emerald,AU,2022-01-29 04:52:51,-23.5333,148.1667,93.34,31,40,6.91
191,Dehloran,IR,2022-01-29 04:57:46,32.6941,47.2679,48.99,44,100,0.85
192,Alice Springs,AU,2022-01-29 04:57:47,-23.7,133.8833,78.35,89,40,5.75
193,Saint-Philippe,RE,2022-01-29 04:57:47,-21.3585,55.7679,83.75,76,0,7.25
194,Kagoro,NG,2022-01-29 04:57:48,9.6,8.3833,62.44,30,63,8.55
195,Alyangula,AU,2022-01-29 04:57:48,-13.8483,136.4192,87.67,74,40,11.5
196,Shache,CN,2022-01-29 04:57:48,38.4167,77.2406,29.71,32,99,4.21
197,Mokrous,RU,2022-01-29 04:57:49,51.2333,47.5167,3.63,100,100,7.23
198,Thompson,CA,2022-01-29 04:54:10,55.7435,-97.8558,-5.64,77,100,0.0
199,Sept-Iles,CA,2022-01-29 04:54:02,50.2001,-66.3821,-10.68,64,0,6.91
200,Bethel,US,2022-01-29 04:57:50,41.3712,-73.414,30.29,85,100,3.0
201,Totma,RU,2022-01-29 04:57:50,59.9747,42.7642,12.49,95,100,6.8
202,Nanortalik,GL,2022-01-29 04:57:50,60.1432,-45.2371,27.03,81,100,13.06
203,Lorengau,PG,2022-01-29 04:57:51,-2.0226,147.2712,82.51,75,99,3.87
204,Lebu,CL,2022-01-29 04:57:51,-37.6167,-73.65,57.33,92,5,4.61
205,Mardin,TR,2022-01-29 04:57:52,37.3131,40.7436,30.85,86,99,6.73
206,Bredasdorp,ZA,2022-01-29 04:57:52,-34.5322,20.0403,62.28,88,43,5.75
207,Si Chiang Mai,TH,2022-01-29 04:57:53,17.9564,102.5867,86.09,45,20,4.61
208,Cabo San Lucas,MX,2022-01-29 04:54:35,22.8909,-109.9124,70.52,60,8,3.65
209,Palmares,BR,2022-01-29 04:57:53,-8.6833,-35.5917,74.16,87,100,3.2
210,Todos Santos,MX,2022-01-29 04:57:54,23.45,-110.2167,70.02,68,0,6.04
211,Narsaq,GL,2022-01-29 04:57:54,60.9167,-46.05,22.93,90,100,6.13
212,Hobyo,SO,2022-01-29 04:57:55,5.3505,48.5268,78.33,67,99,20.31
213,Saint-Pierre,RE,2022-01-29 04:57:55,-21.3393,55.4781,83.84,57,0,3.44
214,Kenai,US,2022-01-29 04:57:55,60.5544,-151.2583,23.09,86,75,6.91
215,Leningradskiy,RU,2022-01-29 04:57:56,69.3833,178.4167,-10.37,90,55,3.96
216,Lakes Entrance,AU,2022-01-29 04:57:56,-37.8811,147.981,70.16,95,100,5.7
217,Manaus,BR,2022-01-29 04:57:57,-3.1019,-60.025,77.49,94,0,4.61
218,Kasane,BW,2022-01-29 04:57:57,-17.8167,25.15,69.89,88,100,6.91
219,Broome,US,2022-01-29 04:57:58,42.2506,-75.833,14.0,81,100,3.0
220,Irbeyskoye,RU,2022-01-29 04:57:58,55.6428,95.4522,2.82,86,97,2.1
221,Bambous Virieux,MU,2022-01-29 04:57:59,-20.3428,57.7575,85.21,89,40,1.14
222,Bereda,ES,2022-01-29 04:57:59,43.2686,-7.5406,36.41,96,26,1.16
223,Karratha,AU,2022-01-29 04:54:00,-20.7377,116.8463,91.89,47,42,18.1
224,Rybachiy,RU,2022-01-29 04:58:00,48.7073,44.7449,28.26,97,100,10.29
225,Fairbanks,US,2022-01-29 04:57:34,64.8378,-147.7164,-4.0,71,100,4.61
226,Mount Isa,AU,2022-01-29 04:58:00,-20.7333,139.5,76.77,100,75,9.22
227,Tavda,RU,2022-01-29 04:58:01,58.0425,65.2726,6.19,95,100,3.74
228,Sambava,MG,2022-01-29 04:59:01,-14.2667,50.1667,77.02,72,36,5.79
229,Morehead,US,2022-01-29 04:59:02,37.2711,-87.1764,24.15,64,40,3.0
230,Baoqing,CN,2022-01-29 04:59:02,46.3317,132.2111,7.16,77,97,15.5
231,Aklavik,CA,2022-01-29 04:59:03,68.2191,-135.0107,-19.37,88,6,6.24
232,Gallup,US,2022-01-29 04:59:03,35.5281,-108.7426,24.03,56,0,1.01
233,Concepcion,CL,2022-01-29 04:59:03,-36.827,-73.0498,62.4,82,100,4.61
234,Vanimo,PG,2022-01-29 04:57:16,-2.6741,141.3028,83.71,73,87,7.27
235,Tarko-Sale,RU,2022-01-29 04:54:56,64.9225,77.785,-9.71,97,87,8.97
236,Schruns,AT,2022-01-29 04:59:04,47.0709,9.9475,27.63,100,100,6.04
237,Talara,PE,2022-01-29 04:59:05,-4.5772,-81.2719,72.1,83,100,6.67
238,Catalina,US,2022-01-29 04:59:05,32.5056,-110.9211,55.09,29,94,10.76
239,Vestmannaeyjar,IS,2022-01-29 04:59:06,63.4427,-20.2734,26.4,69,46,27.09
240,Mayumba,GA,2022-01-29 04:59:06,-3.432,10.6554,75.04,91,88,1.25
241,Raton,US,2022-01-29 04:59:06,36.9034,-104.4391,27.59,54,0,4.72
242,Kamenka,RU,2022-01-29 04:59:07,51.3223,42.7678,25.43,96,100,11.27
243,Shimoda,JP,2022-01-29 04:59:07,34.6667,138.95,52.16,61,97,6.02
244,Puerto Colombia,CO,2022-01-29 04:54:25,10.9878,-74.9547,78.89,86,64,24.43
245,Colonia,DE,2022-01-29 04:59:08,50.9333,6.95,44.96,84,75,8.05
246,Talnakh,RU,2022-01-29 04:59:08,69.4865,88.3972,-0.8,96,100,10.27
247,Aykhal,RU,2022-01-29 04:59:09,66.0,111.5,-11.83,99,85,6.17
248,Iqaluit,CA,2022-01-29 04:58:51,63.7506,-68.5145,-22.27,69,100,13.8
249,Susehri,TR,2022-01-29 04:59:09,40.1644,38.0867,2.66,90,30,1.88
250,Dikson,RU,2022-01-29 04:59:10,73.5069,80.5464,1.78,94,100,18.52
251,Santiago Del Estero,AR,2022-01-29 04:54:33,-27.7951,-64.2615,68.18,60,0,2.86
252,Champerico,GT,2022-01-29 04:59:11,14.3,-91.9167,81.36,75,2,7.02
253,Kutum,SD,2022-01-29 04:59:11,14.2,24.6667,45.5,24,5,7.27
254,Okha,RU,2022-01-29 04:59:12,53.5739,142.9478,-6.65,88,8,11.99
255,Basco,PH,2022-01-29 04:59:12,20.4487,121.9702,75.07,80,86,27.07
256,Odienne,CI,2022-01-29 04:59:12,9.51,-7.5692,72.46,20,13,2.59
257,Broken Hill,AU,2022-01-29 04:54:27,-31.95,141.4333,83.91,54,75,12.66
258,La Asuncion,VE,2022-01-29 04:59:13,11.0333,-63.8628,74.93,94,17,5.75
259,Salalah,OM,2022-01-29 04:59:14,17.0151,54.0924,74.84,41,34,1.81
260,Querfurt,DE,2022-01-29 04:59:14,51.3833,11.6,41.72,85,100,19.3
261,Aljezur,PT,2022-01-29 04:54:18,37.3191,-8.8033,50.0,67,12,7.45
262,Preobrazheniye,RU,2022-01-29 04:59:15,42.9019,133.9064,17.19,48,56,18.12
263,San Ramon,US,2022-01-29 04:58:10,37.7799,-121.978,55.74,78,30,2.1
264,Rapid City,US,2022-01-29 04:55:58,44.0805,-103.231,47.73,38,0,1.99
265,Torbay,CA,2022-01-29 04:59:16,47.6666,-52.7314,30.58,88,100,14.97
266,Touros,BR,2022-01-29 04:59:17,-5.1989,-35.4608,72.5,84,100,7.34
267,Kahului,US,2022-01-29 04:59:17,20.8947,-156.47,76.26,83,11,8.68
268,Constitucion,CL,2022-01-29 04:56:43,-35.3333,-72.4167,56.23,94,7,4.68
269,Mudgee,AU,2022-01-29 04:57:41,-32.5943,149.5871,86.05,48,100,4.61
270,Vredendal,ZA,2022-01-29 04:59:18,-31.6683,18.5012,68.09,58,0,2.98
271,Rodrigues Alves,BR,2022-01-29 04:59:19,-7.738,-72.6509,74.3,92,100,2.86
272,Miri,MY,2022-01-29 04:59:19,4.4148,114.0089,86.14,70,40,2.3
273,San Juan,AR,2022-01-29 04:57:53,-31.5375,-68.5364,78.22,50,27,2.8
274,Mossendjo,CG,2022-01-29 05:00:24,-2.9506,12.7261,67.46,99,99,2.1
275,Vao,NC,2022-01-29 05:00:31,-22.6667,167.4833,78.37,87,100,21.92
276,Inhuma,BR,2022-01-29 05:00:36,-6.6683,-41.7078,68.68,99,100,3.44
277,Bumba,CD,2022-01-29 05:00:39,2.1833,22.4667,69.08,49,76,3.4
278,Westport,US,2022-01-29 04:57:05,41.1415,-73.3579,31.55,93,100,3.0
279,Asbestovskiy,RU,2022-01-29 05:00:43,57.7557,61.3967,7.48,94,98,3.44
280,Havre-Saint-Pierre,CA,2022-01-29 05:00:43,50.2334,-63.5986,-1.21,81,52,7.38
281,College,US,2022-01-29 04:56:45,64.8569,-147.8028,-0.35,71,100,4.61
282,Vila Franca Do Campo,PT,2022-01-29 05:00:44,37.7167,-25.4333,57.61,86,29,9.24
283,Tautira,PF,2022-01-29 05:00:44,-17.7333,-149.15,82.42,75,39,15.5
284,Hervey Bay,AU,2022-01-29 05:00:45,-25.2986,152.8535,87.04,66,2,8.01
285,Berbera,SO,2022-01-29 05:00:46,10.4396,45.0143,74.55,66,51,6.51
286,Lunglei,IN,2022-01-29 05:00:46,22.8833,92.7333,63.88,32,4,3.29
287,Lata,PT,2022-01-29 05:00:47,40.1629,-8.3327,45.72,56,0,5.86
288,Castilho,BR,2022-01-29 05:00:47,-20.8722,-51.4875,71.46,95,100,3.2
289,Srikakulam,IN,2022-01-29 05:00:48,18.3,83.9,74.16,39,11,6.29
290,Hithadhoo,MV,2022-01-29 04:58:03,-0.6,73.0833,81.01,66,40,6.73
291,Korla,CN,2022-01-29 05:00:48,41.7597,86.1469,26.46,51,2,6.02
292,Nioki,CD,2022-01-29 05:00:49,-2.7167,17.6833,72.23,78,100,0.16
293,Ust-Tsilma,RU,2022-01-29 05:00:49,65.441,52.1498,10.81,94,100,8.21
294,Mackay,AU,2022-01-29 05:00:50,-21.15,149.2,86.68,67,52,16.73
295,Orkney,ZA,2022-01-29 05:00:50,-26.9802,26.6727,65.62,83,13,8.57
296,El Tigre,VE,2022-01-29 05:00:51,8.8875,-64.2454,71.01,71,27,9.75
297,Abu Samrah,SY,2022-01-29 05:00:52,35.3029,37.1841,38.64,91,100,3.2
298,North Bend,US,2022-01-29 05:00:52,43.4065,-124.2243,43.92,77,44,4.03
299,Panama City,PA,2022-01-29 04:56:58,8.9936,-79.5197,76.42,81,20,2.3
300,Khandyga,RU,2022-01-29 05:00:53,62.6667,135.6,-26.55,92,49,1.23
301,San Cristobal,VE,2022-01-29 05:00:53,7.7669,-72.225,64.18,83,3,2.82
302,Saint-Louis,SN,2022-01-29 05:00:54,16.3333,-15.0,69.84,26,100,9.91
303,Ancud,CL,2022-01-29 05:00:55,-41.8697,-73.8203,49.42,83,0,2.44
304,Venado Tuerto,AR,2022-01-29 05:00:55,-33.7456,-61.9688,61.77,60,0,8.57
305,Kupang,ID,2022-01-29 05:00:56,-10.1667,123.5833,86.58,74,75,17.27
306,Dakar,SN,2022-01-29 05:00:56,14.6937,-17.4441,68.88,73,100,19.51
307,Road Town,VG,2022-01-29 05:00:50,18.4167,-64.6167,75.0,68,2,14.99
308,Isangel,VU,2022-01-29 04:57:26,-19.55,169.2667,80.71,89,100,5.75
309,Kangaatsiaq,GL,2022-01-29 05:00:57,68.3065,-53.4641,14.13,80,88,31.97
310,Brookhaven,US,2022-01-29 05:00:57,31.5791,-90.4407,35.8,71,6,7.0
311,Brigantine,US,2022-01-29 05:00:58,39.4101,-74.3646,32.14,96,100,20.65
312,Roald,NO,2022-01-29 05:00:58,62.5833,6.1333,45.34,93,100,10.36
313,Grand Gaube,MU,2022-01-29 05:00:59,-20.0064,57.6608,85.37,68,2,5.01
314,Buin,CL,2022-01-29 05:01:00,-33.7333,-70.75,71.87,88,0,1.32
315,Turukhansk,RU,2022-01-29 05:01:00,65.8167,87.9833,0.18,94,100,11.41
316,Hermon,US,2022-01-29 05:01:01,44.8101,-68.9134,24.44,74,100,8.75
317,Te Anau,NZ,2022-01-29 04:59:11,-45.4167,167.7167,68.52,48,99,6.8
318,Fort Nelson,CA,2022-01-29 05:00:38,58.8053,-122.7002,-0.36,99,100,2.13
319,Hofn,IS,2022-01-29 05:01:02,64.2539,-15.2082,28.44,54,43,24.4
320,Zhigalovo,RU,2022-01-29 05:01:03,54.8097,105.1578,0.21,93,100,0.51
321,Hambantota,LK,2022-01-29 05:02:03,6.1241,81.1185,84.54,74,20,4.61
322,Sur,OM,2022-01-29 05:01:32,22.5667,59.5289,73.45,43,0,2.53
323,Ponta Delgada,PT,2022-01-29 05:02:04,37.7333,-25.6667,57.92,82,20,6.91
324,Norman Wells,CA,2022-01-29 05:02:04,65.282,-126.8329,-9.44,97,100,6.06
325,Tototlan,MX,2022-01-29 05:02:05,20.55,-102.8,64.96,40,70,0.34
326,Madimba,TZ,2022-01-29 05:02:05,-10.4,40.3333,76.82,90,98,3.67
327,Kondinskoye,RU,2022-01-29 05:02:05,59.6481,67.41,-5.21,99,73,5.41
328,Zhigansk,RU,2022-01-29 05:02:06,66.7697,123.3711,-7.02,96,98,19.48
329,Half Moon Bay,US,2022-01-29 05:02:06,37.4636,-122.4286,57.24,65,0,0.0
330,Calbuco,CL,2022-01-29 05:02:07,-41.768,-73.1273,56.17,87,0,3.78
331,Nanakuli,US,2022-01-29 05:02:07,21.3906,-158.1547,75.04,73,40,0.0
332,Mecca,SA,2022-01-29 05:00:39,21.4267,39.8261,63.45,49,1,5.88
333,Khatra,IN,2022-01-29 05:02:08,22.9833,86.85,67.33,34,1,9.19
334,Great Bend,US,2022-01-29 05:00:01,38.3645,-98.7648,27.88,79,0,8.81
335,Karasjok,NO,2022-01-29 05:02:08,69.4719,25.5112,-0.29,100,98,3.04
336,Codrington,AU,2022-01-29 05:02:09,-38.2667,141.9667,66.9,68,100,14.81
337,Mount Gambier,AU,2022-01-29 05:02:09,-37.8333,140.7667,72.27,54,39,13.11
338,Palencia,ES,2022-01-29 05:02:10,42.4167,-4.5,30.79,55,1,6.13
339,Bideford,GB,2022-01-29 05:02:10,51.0179,-4.2046,51.1,95,100,19.06
340,Margate,GB,2022-01-29 05:01:00,51.3813,1.3862,51.96,86,43,3.0
341,Yarmouth,US,2022-01-29 05:02:11,41.7057,-70.2286,35.96,88,100,15.01
342,Mitsamiouli,KM,2022-01-29 05:02:12,-11.3847,43.2844,81.1,72,76,3.8
343,Camacha,PT,2022-01-29 05:02:12,33.0833,-16.3333,56.53,72,40,12.66
344,Saint-Augustin,CA,2022-01-29 05:02:12,51.226,-58.6502,3.2,86,100,10.83
345,Raudeberg,NO,2022-01-29 05:02:13,61.9875,5.1352,44.2,96,100,8.01
346,Apud,PH,2022-01-29 05:02:14,13.1393,123.2916,83.1,72,30,5.12
347,Pleshanovo,RU,2022-01-29 05:02:03,52.8333,53.4833,-3.8,100,79,2.46
348,Timra,SE,2022-01-29 05:02:14,62.487,17.3257,31.68,87,75,6.91
349,Praia,CV,2022-01-29 05:02:15,14.9215,-23.5087,68.54,68,75,17.27
350,Sabha,LY,2022-01-29 05:02:15,27.0377,14.4283,42.1,45,23,6.31
351,Carnarvon,AU,2022-01-29 05:02:15,-24.8667,113.6333,84.67,62,1,16.6
352,Saint-Ambroise,CA,2022-01-29 05:02:16,48.5501,-71.3324,-32.78,100,50,1.77
353,Sampit,ID,2022-01-29 05:02:16,-2.5333,112.95,80.46,76,100,2.13
354,Constantine,DZ,2022-01-29 05:02:17,36.365,6.6147,29.61,80,0,1.14
355,Wanning,CN,2022-01-29 05:02:17,18.8003,110.3967,75.38,80,93,10.54
356,Howard Springs,AU,2022-01-29 05:02:18,-12.497,131.047,86.83,88,91,16.51
357,Traverse City,US,2022-01-29 04:58:39,44.7631,-85.6206,16.95,86,95,3.0
358,Mujiayingzi,CN,2022-01-29 05:02:18,42.1167,118.7833,22.8,21,0,5.14
359,Raga,SS,2022-01-29 05:02:19,8.4596,25.678,59.09,23,7,4.41
360,Namatanai,PG,2022-01-29 05:02:19,-3.6667,152.4333,84.18,73,100,5.93
361,Douentza,ML,2022-01-29 05:02:20,14.9951,-2.9517,66.4,21,20,4.52
362,Seydi,TM,2022-01-29 05:02:20,39.4816,62.9137,37.04,67,6,4.56
363,Soltsy,RU,2022-01-29 05:02:20,58.1239,30.3238,19.04,94,98,7.23
364,Saldanha,ZA,2022-01-29 05:02:21,-33.0117,17.9442,62.01,77,0,9.8
365,Nokha,IN,2022-01-29 05:02:21,27.6,73.4167,65.25,17,0,4.61
366,Somova,RO,2022-01-29 05:02:22,45.1833,28.6667,34.25,70,20,3.44
367,Okhotsk,RU,2022-01-29 05:02:22,59.3833,143.3,15.19,78,100,14.99
368,Mahon,ES,2022-01-29 05:03:23,39.8885,4.2658,48.76,76,20,14.97
369,Ilulissat,GL,2022-01-29 05:03:23,69.2167,-51.1,23.02,42,100,23.02
370,Vagur,FO,2022-01-29 05:03:24,61.4732,-6.8119,40.86,94,100,23.76
371,Chicama,PE,2022-01-29 05:03:24,-7.8447,-79.1469,64.94,79,93,5.86
372,Port Lincoln,AU,2022-01-29 04:58:39,-34.7333,135.8667,73.29,63,66,15.46
373,Inyonga,TZ,2022-01-29 05:03:25,-6.7167,32.0667,65.08,92,100,4.0
374,Palmer,US,2022-01-29 05:03:25,42.1584,-72.3287,29.21,72,100,1.01
375,Ornskoldsvik,SE,2022-01-29 05:03:26,63.2909,18.7153,29.35,93,100,8.05
376,El Coco,PA,2022-01-29 05:03:26,8.8703,-79.815,75.45,91,12,4.54
377,Komsomolskiy,UZ,2022-01-29 05:03:27,40.4272,71.7189,34.52,93,75,4.61
378,Severnoye,RU,2022-01-29 05:03:27,56.3491,78.3619,4.95,96,91,4.45
379,Quatre Cocos,MU,2022-01-29 05:03:28,-20.2078,57.7625,85.08,75,5,10.65
380,Burns Lake,CA,2022-01-29 05:00:38,54.2331,-125.7533,23.14,97,100,2.62
381,Farmington,US,2022-01-29 05:03:28,36.7281,-108.2187,25.99,58,0,5.75
382,Beira,MZ,2022-01-29 05:03:29,-19.8436,34.8389,78.89,94,40,5.75
383,Igarka,RU,2022-01-29 05:03:29,67.4667,86.5833,-0.89,95,100,16.28
384,Victor Harbor,AU,2022-01-29 05:03:30,-35.5667,138.6167,83.91,76,8,3.0
385,Morondava,MG,2022-01-29 05:03:30,-20.2833,44.2833,82.35,70,2,2.06
386,West Chester,US,2022-01-29 05:03:31,39.9607,-75.6055,29.8,91,100,4.0
387,Tessalit,ML,2022-01-29 05:03:31,20.1986,1.0114,59.79,16,12,11.97
388,Lae,PG,2022-01-29 05:03:32,-6.7221,146.9847,82.33,76,100,5.37
389,Uvalde,US,2022-01-29 05:03:17,29.3669,-99.767,45.59,41,0,0.0
390,Puerto Carreno,CO,2022-01-29 05:03:32,6.189,-67.4859,77.05,47,79,8.84
391,Batagay,RU,2022-01-29 05:03:33,67.6333,134.6333,-33.86,100,98,1.41
392,Biltine,TD,2022-01-29 05:03:33,14.5333,20.9167,56.55,17,20,12.33
393,Gladstone,AU,2022-01-29 05:03:34,-23.85,151.25,88.79,55,34,23.02
394,Severodvinsk,RU,2022-01-29 05:03:34,64.5635,39.8302,15.91,96,99,6.35
395,Kristianstad,SE,2022-01-29 05:03:34,56.0313,14.1524,39.58,97,100,10.36
396,Leavenworth,US,2022-01-29 05:03:35,39.2333,-95.0336,24.8,54,0,7.4
397,Obidos,BR,2022-01-29 05:03:35,-1.9175,-55.5181,73.76,97,99,4.23
398,Kathu,TH,2022-01-29 05:03:36,7.9178,98.3332,87.62,70,9,3.11
399,Gold Coast,AU,2022-01-29 05:01:56,-28.0,153.4333,87.17,77,100,12.66
400,Slave Lake,CA,2022-01-29 05:03:36,55.2834,-114.769,23.74,92,83,3.62
401,Paamiut,GL,2022-01-29 05:03:11,61.994,-49.6678,21.67,80,100,27.65
402,Mandalgovi,MN,2022-01-29 05:03:37,45.7625,106.2708,6.64,79,100,6.71
403,Gondanglegi,ID,2022-01-29 05:03:38,-7.7479,112.0132,86.79,67,95,5.57
404,Kropotkin,RU,2022-01-29 05:03:38,45.4375,40.5756,31.12,83,100,10.69
405,Nemuro,JP,2022-01-29 05:03:39,43.3236,145.575,26.26,62,44,12.33
406,Palu,ID,2022-01-29 05:03:39,-0.8917,119.8707,87.01,67,99,4.05
407,Tahe,CN,2022-01-29 05:03:39,52.3333,124.7333,10.92,67,73,12.37
408,Kryvyy Rih,UA,2022-01-29 05:03:22,47.9167,33.35,32.5,91,98,13.24
409,Tiksi,RU,2022-01-29 05:03:40,71.6872,128.8694,-10.16,99,32,6.49
410,Walvis Bay,NA,2022-01-29 05:03:40,-22.9575,14.5053,62.1,81,93,2.08
411,Crisan,RO,2022-01-29 05:04:41,44.9667,29.4667,34.56,73,56,10.51
412,Khon Kaen,TH,2022-01-29 05:04:41,16.5,102.0833,93.76,29,10,4.18
413,La Ronge,CA,2022-01-29 05:00:39,55.1001,-105.2842,8.82,85,90,0.0
414,Petropavlovsk-Kamchatskiy,RU,2022-01-29 05:04:42,53.0452,158.6483,25.39,93,100,2.24
415,Rokupr,SL,2022-01-29 05:04:42,8.6717,-12.395,72.32,94,24,1.79
416,Puro,PH,2022-01-29 05:04:43,12.4841,123.3827,83.97,70,36,2.44
417,Avera,US,2022-01-29 05:04:43,33.194,-82.5271,39.7,57,19,17.92
418,Hay River,CA,2022-01-29 05:00:38,60.8156,-115.7999,2.88,98,100,2.42
419,Jiwani,PK,2022-01-29 05:04:44,25.05,61.7417,70.29,68,0,8.37
420,Eyl,SO,2022-01-29 05:04:44,7.9803,49.8164,75.87,65,100,17.6
421,Porto Belo,BR,2022-01-29 05:04:45,-27.1578,-48.5531,72.97,84,100,7.52
422,Bridlington,GB,2022-01-29 05:04:45,54.0831,-0.1919,53.78,79,60,26.04
423,Muncar,ID,2022-01-29 05:04:46,-8.4333,114.3333,84.25,67,99,3.06
424,Waddan,LY,2022-01-29 05:04:46,29.1614,16.139,42.31,71,10,3.22
425,Erdenet,MN,2022-01-29 05:04:46,49.0333,104.0833,2.8,81,99,4.5
426,Lekoni,GA,2022-01-29 05:04:47,-1.5843,14.2591,74.01,77,87,3.58
427,Tonj,SS,2022-01-29 05:04:47,7.2737,28.6822,66.76,24,62,5.5
428,Buchanan,LR,2022-01-29 05:04:48,5.8808,-10.0467,77.99,83,66,2.44
429,Millau,FR,2022-01-29 05:04:48,44.0833,2.9167,29.39,67,70,2.66
430,Sai Buri,TH,2022-01-29 05:04:49,6.7013,101.6168,84.25,63,64,6.6
431,Sabang,ID,2022-01-29 05:04:49,5.8933,95.3214,82.36,76,15,12.44
432,Ouargaye,BF,2022-01-29 05:04:50,11.5033,0.0572,71.78,22,15,13.65
433,Port Blair,IN,2022-01-29 05:04:50,11.6667,92.75,84.24,74,40,11.5
434,Monrovia,LR,2022-01-29 05:04:50,6.3005,-10.7969,77.54,83,61,2.46
435,Cabatuan,PH,2022-01-29 05:04:51,10.8794,122.486,86.72,65,75,2.84
436,Orhangazi,TR,2022-01-29 05:04:51,40.4892,29.3089,41.77,85,99,4.97
437,Ilanskiy,RU,2022-01-29 05:04:52,56.2358,96.065,1.92,94,100,4.0
438,Henties Bay,NA,2022-01-29 05:04:52,-22.116,14.2845,61.86,83,99,4.9
439,Moyale,KE,2022-01-29 05:04:52,3.5167,39.0584,74.32,26,42,5.48
440,Krasnoarmeysk,RU,2022-01-29 05:04:53,51.0239,45.6969,13.06,96,94,8.7
441,Kloulklubed,PW,2022-01-29 05:04:30,7.0419,134.2556,84.7,78,72,12.39
442,Sharjah,AE,2022-01-29 05:02:06,25.3573,55.4033,70.25,57,1,9.98
443,Qasigiannguit,GL,2022-01-29 05:04:54,68.8193,-51.1922,23.25,62,95,22.73
444,Presidencia Roque Saenz Pena,AR,2022-01-29 05:04:54,-26.7852,-60.4388,68.32,44,3,6.49
445,Jacareacanga,BR,2022-01-29 05:04:54,-6.2222,-57.7528,72.14,99,100,1.5
446,Sinnamary,GF,2022-01-29 05:04:55,5.3833,-52.95,75.04,86,30,6.13
447,Rosetta,EG,2022-01-29 05:04:55,31.4044,30.4164,53.13,74,9,8.41
448,Berlevag,NO,2022-01-29 05:04:56,70.8578,29.0864,29.52,61,100,12.55
449,Gorin,RU,2022-01-29 05:04:56,51.1983,136.6669,-0.09,84,100,2.75
450,Kalmunai,LK,2022-01-29 05:04:57,7.4167,81.8167,81.86,74,29,2.98
451,Ketchikan,US,2022-01-29 05:04:57,55.3422,-131.6461,44.58,93,100,12.66
452,Poltavka,RU,2022-01-29 05:04:58,54.3663,71.7632,3.94,88,98,7.2
453,Najran,SA,2022-01-29 05:01:52,17.4924,44.1277,57.81,27,88,2.33
454,Freeport,US,2022-01-29 05:04:58,40.6576,-73.5832,31.01,83,100,4.0
455,Lincoln,US,2022-01-29 05:03:19,40.8,-96.667,29.28,65,0,5.01
456,Shubarshi,KZ,2022-01-29 05:04:59,48.5872,57.1869,16.27,92,100,2.59
457,Puerto Baquerizo Moreno,EC,2022-01-29 05:04:59,-0.9,-89.6,73.18,84,97,8.9
458,Dunedin,NZ,2022-01-29 05:06:00,-45.8742,170.5036,67.8,63,100,1.99
459,Taltal,CL,2022-01-29 05:06:00,-25.4,-70.4833,64.96,81,7,1.36
460,Lubango,AO,2022-01-29 05:06:01,-14.9172,13.4925,57.25,88,91,5.01
461,Awjilah,LY,2022-01-29 05:03:11,29.1081,21.2869,49.42,82,37,8.12
462,Kango,GA,2022-01-29 05:06:02,0.1943,10.0951,73.33,97,99,1.9
463,Tres Marias,MX,2022-01-29 05:06:02,19.0522,-99.2431,54.3,43,73,6.2
464,Leh,IN,2022-01-29 05:06:03,34.1667,77.5833,5.7,83,53,2.42
465,Iquique,CL,2022-01-29 05:06:03,-20.2208,-70.1431,66.24,76,46,0.36
466,Nizhneivkino,RU,2022-01-29 05:06:03,58.194,49.5214,15.69,95,100,7.23
467,Taoudenni,ML,2022-01-29 05:06:04,22.6783,-3.9836,68.31,12,100,10.47
468,Inirida,CO,2022-01-29 05:06:04,3.8653,-67.9239,72.12,63,97,2.53
469,Deputatskiy,RU,2022-01-29 05:06:05,69.3,139.9,-22.27,96,86,1.39
470,San Luis,AR,2022-01-29 05:03:51,-33.295,-66.3356,68.95,45,1,8.46
471,Eichstatt,DE,2022-01-29 05:06:05,48.8833,11.1833,33.84,86,75,6.91
472,Callaway,US,2022-01-29 05:06:06,30.153,-85.5699,44.53,48,0,5.01
473,Sechura,PE,2022-01-29 05:06:06,-5.5569,-80.8222,72.46,75,100,9.44
474,Dampit,ID,2022-01-29 05:06:07,-8.2116,112.7493,83.1,64,97,3.8
475,Jasper,US,2022-01-29 05:06:07,37.2001,-94.3502,24.85,50,0,3.44
476,Winchester,GB,2022-01-29 05:04:45,51.0651,-1.3187,52.29,93,78,7.0
477,Ahvaz,IR,2022-01-29 05:06:08,31.3203,48.6693,46.35,66,0,2.3
478,Pangoa,PE,2022-01-29 05:06:09,-12.1167,-73.0,68.05,99,95,2.24
479,Mogocha,RU,2022-01-29 05:06:09,53.7333,119.7667,12.11,59,58,2.93
480,Warmbad,NA,2022-01-29 05:06:10,-28.45,18.7333,76.35,38,69,4.59
481,Camopi,GF,2022-01-29 05:06:10,3.1655,-52.3158,69.93,100,58,2.24
482,Althofen,AT,2022-01-29 05:06:10,46.8818,14.4676,24.15,90,53,3.62
483,Bayan,CN,2022-01-29 05:06:11,46.0833,127.4,9.77,75,95,10.65
484,Svetlyy,RU,2022-01-29 05:06:11,54.675,20.1347,30.96,79,91,10.27
485,Banda Aceh,ID,2022-01-29 05:06:12,5.5577,95.3222,85.28,70,37,12.64
486,Tipitapa,NI,2022-01-29 05:06:12,12.1973,-86.0971,76.51,67,4,7.23
487,Lagoa,PT,2022-01-29 05:01:56,39.05,-27.9833,57.81,58,17,10.89
488,Port Moresby,PG,2022-01-29 05:06:13,-9.4431,147.1797,84.78,64,100,10.25
489,Weligama,LK,2022-01-29 05:06:13,5.9667,80.4167,84.15,64,14,2.53
490,San Quintin,MX,2022-01-29 05:06:14,30.4833,-115.95,59.11,51,21,2.55
491,Konakovo,RU,2022-01-29 05:06:14,56.7,36.7667,13.84,99,100,2.64
492,Shingu,JP,2022-01-29 05:06:14,33.7333,135.9833,53.46,36,90,8.48
493,Beoumi,CI,2022-01-29 05:06:15,7.6736,-5.5764,70.36,79,54,4.14
494,Mehamn,NO,2022-01-29 05:06:15,71.0357,27.8492,23.85,66,100,4.94
495,Xining,CN,2022-01-29 05:06:16,36.6167,101.7667,20.41,52,18,3.22
496,Pontianak,ID,2022-01-29 05:06:16,-0.0333,109.3333,87.78,70,75,0.0
497,Moron,AR,2022-01-29 05:06:17,-34.6534,-58.6198,70.97,82,0,6.73
498,Lalibela,ET,2022-01-29 05:06:17,12.0333,39.0333,58.42,55,50,2.51
499,Sangueya,GN,2022-01-29 05:06:17,10.7,-14.3667,67.91,83,14,1.99
500,Dongsheng,CN,2022-01-29 05:06:18,39.8161,109.9776,25.63,36,0,10.18
501,Kattivakkam,IN,2022-01-29 05:06:18,13.2167,80.3167,82.49,78,96,15.66
502,Manaure,CO,2022-01-29 05:06:19,11.7751,-72.4445,74.16,81,55,8.97
503,San Francisco,US,2022-01-29 05:04:49,37.7749,-122.4194,57.31,67,40,1.01
504,Lazaro Cardenas,MX,2022-01-29 05:07:19,17.9583,-102.2,74.34,78,3,1.79
505,Takhtamygda,RU,2022-01-29 05:07:20,54.1,123.5667,12.36,57,93,10.78
506,Macouria,GF,2022-01-29 05:07:20,4.9167,-52.3667,73.98,91,100,0.0
507,Siilinjarvi,FI,2022-01-29 05:07:21,63.0833,27.6667,19.42,93,100,8.05
508,Grafton,US,2022-01-29 05:07:21,42.207,-71.6856,30.31,76,100,1.01
509,Kargopol,RU,2022-01-29 05:07:21,61.5071,38.9456,15.66,96,100,4.27
510,Torres,BR,2022-01-29 05:07:22,-29.3353,-49.7269,66.83,80,90,4.27
511,Santa Maria Da Vitoria,BR,2022-01-29 05:07:22,-13.3947,-44.1886,66.83,96,96,1.59
512,Linxia,CN,2022-01-29 05:07:23,35.6003,103.2064,22.55,73,12,1.97
513,Sibolga,ID,2022-01-29 05:07:23,1.7427,98.7792,86.92,62,100,6.15
514,Catanduva,BR,2022-01-29 05:07:24,-21.1378,-48.9728,69.71,96,100,2.53
515,Marau,BR,2022-01-29 05:07:24,-28.4492,-52.2,58.37,95,71,5.61
516,Santa Elena,EC,2022-01-29 05:07:24,-2.2333,-80.85,74.35,86,100,3.22
517,Whitehorse,CA,2022-01-29 05:05:05,60.7161,-135.0538,26.1,96,100,4.43
518,Ocos,GT,2022-01-29 05:07:25,14.5094,-92.1933,77.0,79,0,5.39
519,Naze,JP,2022-01-29 05:07:25,28.3667,129.4833,55.17,84,100,8.79
520,Waycross,US,2022-01-29 05:07:26,31.2136,-82.354,42.85,46,0,11.5
521,Manta,EC,2022-01-29 05:07:26,-0.95,-80.7333,74.98,88,75,2.3
522,Cullera,ES,2022-01-29 05:07:27,39.1667,-0.25,47.77,64,0,1.99
523,Biak,ID,2022-01-29 05:07:27,-0.9131,122.8766,82.89,68,100,1.23
524,Yar-Sale,RU,2022-01-29 05:07:28,66.8333,70.8333,-6.03,97,98,7.78
525,Bilma,NE,2022-01-29 05:07:28,18.6853,12.9164,52.43,24,0,10.51
526,Belaya Gora,RU,2022-01-29 05:07:29,68.5333,146.4167,-15.34,97,100,1.43
527,Sete,FR,2022-01-29 05:07:29,43.4018,3.6966,38.88,54,16,3.33
528,Ust-Koksa,RU,2022-01-29 05:07:30,50.2696,85.6108,1.44,78,38,0.92
529,Teguldet,RU,2022-01-29 05:07:30,57.3064,88.1667,5.45,92,100,5.53
530,Tanout,NE,2022-01-29 05:07:30,14.9709,8.8879,54.28,22,0,14.7
531,Alihe,CN,2022-01-29 05:07:31,50.5667,123.7167,16.0,56,16,11.18
532,Saint George,US,2022-01-29 05:07:31,37.1041,-113.5841,45.36,30,0,3.0
533,Erattupetta,IN,2022-01-29 05:07:32,9.7,76.7833,83.5,39,14,2.62
534,Luang Prabang,LA,2022-01-29 05:07:32,19.8856,102.1347,85.77,30,45,3.91
535,Makakilo City,US,2022-01-29 05:07:32,21.3469,-158.0858,73.72,72,0,5.75
536,Manvi,IN,2022-01-29 05:07:33,15.9833,77.05,75.06,28,13,8.9
537,Ormara,PK,2022-01-29 05:07:33,25.2088,64.6357,68.67,60,0,5.01
538,Benguela,AO,2022-01-29 05:07:34,-12.5763,13.4055,76.15,86,98,2.15
539,Alofi,NU,2022-01-29 05:07:34,-19.0595,-169.9187,82.24,74,72,11.25
540,Granada,ES,2022-01-29 05:07:35,37.25,-3.25,36.86,41,4,7.85
541,Kununurra,AU,2022-01-29 05:07:36,-15.7667,128.7333,91.38,62,75,10.36
542,Camacupa,AO,2022-01-29 05:07:36,-12.0167,17.4833,61.09,97,100,3.09
543,San Andres,CO,2022-01-29 05:07:36,12.5847,-81.7006,79.56,72,8,11.34
